Solver,Lambda,Time (s),Iterations,Residual,Relative Residual,Normal Equation Residual,Relative Normal Equation Residual,Objective,Info,Converged,Preconditioner,Matrix-Free,Dataset,Group,m,n,Nonzeros,Density,RHS Type,Run,RTOL,Max Iterations
PCG,1e-06,23.798949031624943,5000,0.019175000375424536,0.0002876171414561134,0.001615746646375418,8.7926247502432e-06,0.004223028622235476,5000,False,Jacobi diagonal,True,Maragal_8,NYPA,33212,75077,1308415,0.0005247392796364538,constructed: A @ ones,1,1e-08,5000
LSQR,1e-06,27.823083117138594,5000,0.012386590587128208,0.00018579377873822548,0.0011797272832681862,6.419879832441804e-06,0.003779293874017393,7,False,None,True,Maragal_8,NYPA,33212,75077,1308415,0.0005247392796364538,constructed: A @ ones,1,1e-08,5000
LSMR,1e-06,26.368927037809044,5000,0.01538064919734258,0.00023070342994874627,3.6194751781191945e-05,1.969658244713899e-07,0.0038357892204733957,7,False,None,True,Maragal_8,NYPA,33212,75077,1308415,0.0005247392796364538,constructed: A @ ones,1,1e-08,5000
PCG,1e-06,24.08554497687146,5000,0.019175000375424536,0.0002876171414561134,0.001615746646375418,8.7926247502432e-06,0.004223028622235476,5000,False,Jacobi diagonal,True,Maragal_8,NYPA,33212,75077,1308415,0.0005247392796364538,constructed: A @ ones,2,1e-08,5000
LSQR,1e-06,27.324947223067284,5000,0.012386590587128208,0.00018579377873822548,0.0011797272832681862,6.419879832441804e-06,0.003779293874017393,7,False,None,True,Maragal_8,NYPA,33212,75077,1308415,0.0005247392796364538,constructed: A @ ones,2,1e-08,5000
LSMR,1e-06,26.287386133801192,5000,0.01538064919734258,0.00023070342994874627,3.6194751781191945e-05,1.969658244713899e-07,0.0038357892204733957,7,False,None,True,Maragal_8,NYPA,33212,75077,1308415,0.0005247392796364538,constructed: A @ ones,2,1e-08,5000
PCG,1e-06,24.185570409987122,5000,0.019175000375424536,0.0002876171414561134,0.001615746646375418,8.7926247502432e-06,0.004223028622235476,5000,False,Jacobi diagonal,True,Maragal_8,NYPA,33212,75077,1308415,0.0005247392796364538,constructed: A @ ones,3,1e-08,5000
LSQR,1e-06,27.148644958157092,5000,0.012386590587128208,0.00018579377873822548,0.0011797272832681862,6.419879832441804e-06,0.003779293874017393,7,False,None,True,Maragal_8,NYPA,33212,75077,1308415,0.0005247392796364538,constructed: A @ ones,3,1e-08,5000
LSMR,1e-06,26.491291116923094,5000,0.01538064919734258,0.00023070342994874627,3.6194751781191945e-05,1.969658244713899e-07,0.0038357892204733957,7,False,None,True,Maragal_8,NYPA,33212,75077,1308415,0.0005247392796364538,constructed: A @ ones,3,1e-08,5000
PCG,1e-05,23.8821016731672,5000,0.024361425725748714,0.0003654113946206448,0.0008774823159792092,4.7751129465051395e-06,0.03618209604249976,5000,False,Jacobi diagonal,True,Maragal_8,NYPA,33212,75077,1308415,0.0005247392796364538,constructed: A @ ones,1,1e-08,5000
LSQR,1e-05,27.39817032078281,5000,0.021279745158925226,0.00031918744999707125,0.00043122577255319197,2.346658994589033e-06,0.036060412717006614,7,False,None,True,Maragal_8,NYPA,33212,75077,1308415,0.0005247392796364538,constructed: A @ ones,1,1e-08,5000
LSMR,1e-05,26.650236987974495,5000,0.022165531974635787,0.000332473888948108,1.7121783538602582e-05,9.317390077679574e-08,0.03606604641218013,7,False,None,True,Maragal_8,NYPA,33212,75077,1308415,0.0005247392796364538,constructed: A @ ones,1,1e-08,5000
PCG,1e-05,24.530244826804847,5000,0.024361425725748714,0.0003654113946206448,0.0008774823159792092,4.7751129465051395e-06,0.03618209604249976,5000,False,Jacobi diagonal,True,Maragal_8,NYPA,33212,75077,1308415,0.0005247392796364538,constructed: A @ ones,2,1e-08,5000
LSQR,1e-05,27.598428023979068,5000,0.021279745158925226,0.00031918744999707125,0.00043122577255319197,2.346658994589033e-06,0.036060412717006614,7,False,None,True,Maragal_8,NYPA,33212,75077,1308415,0.0005247392796364538,constructed: A @ ones,2,1e-08,5000
LSMR,1e-05,26.576085022184998,5000,0.022165531974635787,0.000332473888948108,1.7121783538602582e-05,9.317390077679574e-08,0.03606604641218013,7,False,None,True,Maragal_8,NYPA,33212,75077,1308415,0.0005247392796364538,constructed: A @ ones,2,1e-08,5000
PCG,1e-05,24.301518793217838,5000,0.024361425725748714,0.0003654113946206448,0.0008774823159792092,4.7751129465051395e-06,0.03618209604249976,5000,False,Jacobi diagonal,True,Maragal_8,NYPA,33212,75077,1308415,0.0005247392796364538,constructed: A @ ones,3,1e-08,5000
LSQR,1e-05,27.36366250133142,5000,0.021279745158925226,0.00031918744999707125,0.00043122577255319197,2.346658994589033e-06,0.036060412717006614,7,False,None,True,Maragal_8,NYPA,33212,75077,1308415,0.0005247392796364538,constructed: A @ ones,3,1e-08,5000
LSMR,1e-05,26.588326926343143,5000,0.022165531974635787,0.000332473888948108,1.7121783538602582e-05,9.317390077679574e-08,0.03606604641218013,7,False,None,True,Maragal_8,NYPA,33212,75077,1308415,0.0005247392796364538,constructed: A @ ones,3,1e-08,5000
PCG,0.0001,24.908319727052003,5000,0.060687095737569495,0.0009102815466790715,0.00019489602511064188,1.0605917814875568e-06,0.3512289131721222,5000,False,Jacobi diagonal,True,Maragal_8,NYPA,33212,75077,1308415,0.0005247392796364538,constructed: A @ ones,1,1e-08,5000
LSQR,0.0001,26.20686331577599,4737,0.06068317951424846,0.0009102228049354028,3.131667854545641e-06,1.704201605442859e-08,0.3512259494695958,2,True,None,True,Maragal_8,NYPA,33212,75077,1308415,0.0005247392796364538,constructed: A @ ones,1,1e-08,5000
LSMR,0.0001,19.137251178268343,3537,0.06069001323185802,0.0009103253078968577,2.7770659899799445e-06,1.5112331634004736e-08,0.351225981341739,2,True,None,True,Maragal_8,NYPA,33212,75077,1308415,0.0005247392796364538,constructed: A @ ones,1,1e-08,5000
PCG,0.0001,25.37853679386899,5000,0.060687095737569495,0.0009102815466790715,0.00019489602511064188,1.0605917814875568e-06,0.3512289131721222,5000,False,Jacobi diagonal,True,Maragal_8,NYPA,33212,75077,1308415,0.0005247392796364538,constructed: A @ ones,2,1e-08,5000
LSQR,0.0001,26.40785807510838,4737,0.06068317951424846,0.0009102228049354028,3.131667854545641e-06,1.704201605442859e-08,0.3512259494695958,2,True,None,True,Maragal_8,NYPA,33212,75077,1308415,0.0005247392796364538,constructed: A @ ones,2,1e-08,5000
LSMR,0.0001,18.681467582006007,3537,0.06069001323185802,0.0009103253078968577,2.7770659899799445e-06,1.5112331634004736e-08,0.351225981341739,2,True,None,True,Maragal_8,NYPA,33212,75077,1308415,0.0005247392796364538,constructed: A @ ones,2,1e-08,5000
PCG,0.0001,24.289491817820817,5000,0.060687095737569495,0.0009102815466790715,0.00019489602511064188,1.0605917814875568e-06,0.3512289131721222,5000,False,Jacobi diagonal,True,Maragal_8,NYPA,33212,75077,1308415,0.0005247392796364538,constructed: A @ ones,3,1e-08,5000
LSQR,0.0001,25.627828801050782,4737,0.06068317951424846,0.0009102228049354028,3.131667854545641e-06,1.704201605442859e-08,0.3512259494695958,2,True,None,True,Maragal_8,NYPA,33212,75077,1308415,0.0005247392796364538,constructed: A @ ones,3,1e-08,5000
LSMR,0.0001,18.81638327986002,3537,0.06069001323185802,0.0009103253078968577,2.7770659899799445e-06,1.5112331634004736e-08,0.351225981341739,2,True,None,True,Maragal_8,NYPA,33212,75077,1308415,0.0005247392796364538,constructed: A @ ones,3,1e-08,5000
PCG,0.001,15.030802357010543,3007,0.18129911142476177,0.0027194123158064804,1.8147179526811482e-06,9.875393534777934e-09,3.4325043881080943,0,True,Jacobi diagonal,True,Maragal_8,NYPA,33212,75077,1308415,0.0005247392796364538,constructed: A @ ones,1,1e-08,5000
LSQR,0.001,9.188733715098351,1666,0.18129894998999965,0.0027194098943512574,5.761806111829164e-06,3.13547913830548e-08,3.432504388224952,2,True,None,True,Maragal_8,NYPA,33212,75077,1308415,0.0005247392796364538,constructed: A @ ones,1,1e-08,5000
LSMR,0.001,7.449945421889424,1370,0.18130025114810733,0.0027194294111892335,5.385563397805388e-06,2.9307341056083506e-08,3.432504402572847,2,True,None,True,Maragal_8,NYPA,33212,75077,1308415,0.0005247392796364538,constructed: A @ ones,1,1e-08,5000
PCG,0.001,14.94069283688441,3007,0.18129911142476177,0.0027194123158064804,1.8147179526811482e-06,9.875393534777934e-09,3.4325043881080943,0,True,Jacobi diagonal,True,Maragal_8,NYPA,33212,75077,1308415,0.0005247392796364538,constructed: A @ ones,2,1e-08,5000
LSQR,0.001,9.036152764223516,1666,0.18129894998999965,0.0027194098943512574,5.761806111829164e-06,3.13547913830548e-08,3.432504388224952,2,True,None,True,Maragal_8,NYPA,33212,75077,1308415,0.0005247392796364538,constructed: A @ ones,2,1e-08,5000
LSMR,0.001,7.3002032758668065,1370,0.18130025114810733,0.0027194294111892335,5.385563397805388e-06,2.9307341056083506e-08,3.432504402572847,2,True,None,True,Maragal_8,NYPA,33212,75077,1308415,0.0005247392796364538,constructed: A @ ones,2,1e-08,5000
PCG,0.001,14.404582639690489,3007,0.18129911142476177,0.0027194123158064804,1.8147179526811482e-06,9.875393534777934e-09,3.4325043881080943,0,True,Jacobi diagonal,True,Maragal_8,NYPA,33212,75077,1308415,0.0005247392796364538,constructed: A @ ones,3,1e-08,5000
LSQR,0.001,9.204563457984477,1666,0.18129894998999965,0.0027194098943512574,5.761806111829164e-06,3.13547913830548e-08,3.432504388224952,2,True,None,True,Maragal_8,NYPA,33212,75077,1308415,0.0005247392796364538,constructed: A @ ones,3,1e-08,5000
LSMR,0.001,7.292703718878329,1370,0.18130025114810733,0.0027194294111892335,5.385563397805388e-06,2.9307341056083506e-08,3.432504402572847,2,True,None,True,Maragal_8,NYPA,33212,75077,1308415,0.0005247392796364538,constructed: A @ ones,3,1e-08,5000
PCG,0.01,4.036518631037325,835,0.8196132463929536,0.012293862550805154,1.8105094065817804e-06,9.85249132626718e-09,33.36904668208161,0,True,Jacobi diagonal,True,Maragal_8,NYPA,33212,75077,1308415,0.0005247392796364538,constructed: A @ ones,1,1e-08,5000
LSQR,0.01,3.3002032288350165,606,0.8196132094424485,0.012293861996562733,1.0156132116166406e-05,5.526798326437374e-08,33.36904668218667,2,True,None,True,Maragal_8,NYPA,33212,75077,1308415,0.0005247392796364538,constructed: A @ ones,1,1e-08,5000
LSMR,0.01,2.8424455150961876,533,0.8196133620516132,0.012293864285637612,1.0419900860233168e-05,5.67033689373842e-08,33.3690466872041,2,True,None,True,Maragal_8,NYPA,33212,75077,1308415,0.0005247392796364538,constructed: A @ ones,1,1e-08,5000
PCG,0.01,4.0780652510002255,835,0.8196132463929536,0.012293862550805154,1.8105094065817804e-06,9.85249132626718e-09,33.36904668208161,0,True,Jacobi diagonal,True,Maragal_8,NYPA,33212,75077,1308415,0.0005247392796364538,constructed: A @ ones,2,1e-08,5000
LSQR,0.01,3.3192080189473927,606,0.8196132094424485,0.012293861996562733,1.0156132116166406e-05,5.526798326437374e-08,33.36904668218667,2,True,None,True,Maragal_8,NYPA,33212,75077,1308415,0.0005247392796364538,constructed: A @ ones,2,1e-08,5000
LSMR,0.01,3.0014158710837364,533,0.8196133620516132,0.012293864285637612,1.0419900860233168e-05,5.67033689373842e-08,33.3690466872041,2,True,None,True,Maragal_8,NYPA,33212,75077,1308415,0.0005247392796364538,constructed: A @ ones,2,1e-08,5000
PCG,0.01,4.379754572175443,835,0.8196132463929536,0.012293862550805154,1.8105094065817804e-06,9.85249132626718e-09,33.36904668208161,0,True,Jacobi diagonal,True,Maragal_8,NYPA,33212,75077,1308415,0.0005247392796364538,constructed: A @ ones,3,1e-08,5000
LSQR,0.01,3.5849977908656,606,0.8196132094424485,0.012293861996562733,1.0156132116166406e-05,5.526798326437374e-08,33.36904668218667,2,True,None,True,Maragal_8,NYPA,33212,75077,1308415,0.0005247392796364538,constructed: A @ ones,3,1e-08,5000
LSMR,0.01,2.9817302017472684,533,0.8196133620516132,0.012293864285637612,1.0419900860233168e-05,5.67033689373842e-08,33.3690466872041,2,True,None,True,Maragal_8,NYPA,33212,75077,1308415,0.0005247392796364538,constructed: A @ ones,3,1e-08,5000
PCG,0.1,1.0977322678081691,210,6.163365539903321,0.09244795533918526,1.6618934543904266e-06,9.04374801093986e-09,291.58900146110284,0,True,Jacobi diagonal,True,Maragal_8,NYPA,33212,75077,1308415,0.0005247392796364538,constructed: A @ ones,1,1e-08,5000
LSQR,0.1,1.2765841861255467,222,6.163365540330927,0.09244795534559919,1.8275255237634366e-05,9.945090208288753e-08,291.5890014612198,2,True,None,True,Maragal_8,NYPA,33212,75077,1308415,0.0005247392796364538,constructed: A @ ones,1,1e-08,5000
LSMR,0.1,1.1436567520722747,206,6.1633655487365075,0.09244795547167944,1.8167425314292517e-05,9.88641095588744e-08,291.5890014626514,2,True,None,True,Maragal_8,NYPA,33212,75077,1308415,0.0005247392796364538,constructed: A @ ones,1,1e-08,5000
PCG,0.1,1.100382688920945,210,6.163365539903321,0.09244795533918526,1.6618934543904266e-06,9.04374801093986e-09,291.58900146110284,0,True,Jacobi diagonal,True,Maragal_8,NYPA,33212,75077,1308415,0.0005247392796364538,constructed: A @ ones,2,1e-08,5000
LSQR,0.1,1.2658670912496746,222,6.163365540330927,0.09244795534559919,1.8275255237634366e-05,9.945090208288753e-08,291.5890014612198,2,True,None,True,Maragal_8,NYPA,33212,75077,1308415,0.0005247392796364538,constructed: A @ ones,2,1e-08,5000
LSMR,0.1,1.1539055821485817,206,6.1633655487365075,0.09244795547167944,1.8167425314292517e-05,9.88641095588744e-08,291.5890014626514,2,True,None,True,Maragal_8,NYPA,33212,75077,1308415,0.0005247392796364538,constructed: A @ ones,2,1e-08,5000
PCG,0.1,1.087560267187655,210,6.163365539903321,0.09244795533918526,1.6618934543904266e-06,9.04374801093986e-09,291.58900146110284,0,True,Jacobi diagonal,True,Maragal_8,NYPA,33212,75077,1308415,0.0005247392796364538,constructed: A @ ones,3,1e-08,5000
LSQR,0.1,1.2762905140407383,222,6.163365540330927,0.09244795534559919,1.8275255237634366e-05,9.945090208288753e-08,291.5890014612198,2,True,None,True,Maragal_8,NYPA,33212,75077,1308415,0.0005247392796364538,constructed: A @ ones,3,1e-08,5000
LSMR,0.1,1.1568905650638044,206,6.1633655487365075,0.09244795547167944,1.8167425314292517e-05,9.88641095588744e-08,291.5890014626514,2,True,None,True,Maragal_8,NYPA,33212,75077,1308415,0.0005247392796364538,constructed: A @ ones,3,1e-08,5000
PCG,1.0,0.33321477100253105,59,26.831431800586778,0.4024604727283385,1.1386137969495579e-06,6.196147071996412e-09,1478.5544606592116,0,True,Jacobi diagonal,True,Maragal_8,NYPA,33212,75077,1308415,0.0005247392796364538,constructed: A @ ones,1,1e-08,5000
LSQR,1.0,0.4904558430425823,82,26.831431793170697,0.40246047261710033,2.1702731480800952e-05,1.181026582317503e-07,1478.5544606592593,2,True,None,True,Maragal_8,NYPA,33212,75077,1308415,0.0005247392796364538,constructed: A @ ones,1,1e-08,5000
LSMR,1.0,0.4568261010572314,78,26.831431793297767,0.40246047261900636,2.4273904842644418e-05,1.320945563979793e-07,1478.554460659497,2,True,None,True,Maragal_8,NYPA,33212,75077,1308415,0.0005247392796364538,constructed: A @ ones,1,1e-08,5000
PCG,1.0,0.3427197923883796,59,26.831431800586778,0.4024604727283385,1.1386137969495579e-06,6.196147071996412e-09,1478.5544606592116,0,True,Jacobi diagonal,True,Maragal_8,NYPA,33212,75077,1308415,0.0005247392796364538,constructed: A @ ones,2,1e-08,5000
LSQR,1.0,0.4932837360538542,82,26.831431793170697,0.40246047261710033,2.1702731480800952e-05,1.181026582317503e-07,1478.5544606592593,2,True,None,True,Maragal_8,NYPA,33212,75077,1308415,0.0005247392796364538,constructed: A @ ones,2,1e-08,5000
LSMR,1.0,0.45735168270766735,78,26.831431793297767,0.40246047261900636,2.4273904842644418e-05,1.320945563979793e-07,1478.554460659497,2,True,None,True,Maragal_8,NYPA,33212,75077,1308415,0.0005247392796364538,constructed: A @ ones,2,1e-08,5000
PCG,1.0,0.3379517770372331,59,26.831431800586778,0.4024604727283385,1.1386137969495579e-06,6.196147071996412e-09,1478.5544606592116,0,True,Jacobi diagonal,True,Maragal_8,NYPA,33212,75077,1308415,0.0005247392796364538,constructed: A @ ones,3,1e-08,5000
LSQR,1.0,0.48894232511520386,82,26.831431793170697,0.40246047261710033,2.1702731480800952e-05,1.181026582317503e-07,1478.5544606592593,2,True,None,True,Maragal_8,NYPA,33212,75077,1308415,0.0005247392796364538,constructed: A @ ones,3,1e-08,5000
LSMR,1.0,0.4607464661821723,78,26.831431793297767,0.40246047261900636,2.4273904842644418e-05,1.320945563979793e-07,1478.554460659497,2,True,None,True,Maragal_8,NYPA,33212,75077,1308415,0.0005247392796364538,constructed: A @ ones,3,1e-08,5000
