Relative_Residual,Relative_Normal_Residual,Objective,Relative_Reconstruction_Error,Solver,Runtime_s,Iterations,Converged,Info,Lambda,Repeat,N,M,Views,Noise_Level,Tolerance,Max_Iterations
0.00028384536276946954,9.90681766755449e-06,116.15112183929507,0.23955258809640192,CG,955.7472389950417,120,False,120,1e-06,1,1048576,65536,64,0.002,1e-06,120
0.0008169198603477561,2.1551105611821718e-05,961.864035147374,1.8411613964407854,PCG,880.1222987771034,120,False,120,1e-06,1,1048576,65536,64,0.002,1e-06,120
0.0002828383803446307,7.916362596448994e-06,115.32889721154673,0.23955627014620104,LSQR,892.2708310429007,120,False,7,1e-06,1,1048576,65536,64,0.002,1e-06,120
0.0003002625074821118,1.8036876115905844e-06,129.9682732138198,0.23956929008881034,LSMR,949.9715673970059,120,False,7,1e-06,1,1048576,65536,64,0.002,1e-06,120
0.0002685015741907564,1.0241711853485252e-05,103.93959901590591,0.23956193174944326,CG,849.6832013712265,120,False,120,1e-06,2,1048576,65536,64,0.002,1e-06,120
0.0007951612070233147,2.1934995679736692e-05,911.3233475111352,1.84119964235683,PCG,772.5525609119795,120,False,120,1e-06,2,1048576,65536,64,0.002,1e-06,120
0.0002698702783715421,7.679084508355055e-06,105.00134425722104,0.23956257307585613,LSQR,774.9828897449188,120,False,7,1e-06,2,1048576,65536,64,0.002,1e-06,120
0.00028643636253737723,1.765519795041051e-06,118.28024933275582,0.23957832899626683,LSMR,773.942485243082,120,False,7,1e-06,2,1048576,65536,64,0.002,1e-06,120
0.00027756680795332613,1.4298109228219398e-05,111.62719384076287,0.23955070884379487,CG,772.5850326879881,120,False,120,1e-05,1,1048576,65536,64,0.002,1e-06,120
0.0008201438164091554,2.3441503299580148e-05,971.9705815860704,1.8411888423028502,PCG,772.9177755280398,120,False,120,1e-05,1,1048576,65536,64,0.002,1e-06,120
0.0002773824718284694,9.362191531851603e-06,111.47980263949347,0.2395526749633302,LSQR,775.3329732040875,120,False,7,1e-05,1,1048576,65536,64,0.002,1e-06,120
0.0002947005391964321,1.7714774468458122e-06,125.75471919602974,0.23958521021437518,LSMR,773.6651543700136,120,False,7,1e-05,1,1048576,65536,64,0.002,1e-06,120
0.0002741104208538299,1.3594678444622924e-05,108.87719907890542,0.23955697303822088,CG,772.2317593153566,120,False,120,1e-05,2,1048576,65536,64,0.002,1e-06,120
0.000812569294847713,2.4748476476772928e-05,954.1293720142634,1.8411904096502016,PCG,773.0001364187337,120,False,120,1e-05,2,1048576,65536,64,0.002,1e-06,120
0.00027375570883225736,7.82407406075749e-06,108.59720127010976,0.23955920541686834,LSQR,774.9135789140128,120,False,7,1e-05,2,1048576,65536,64,0.002,1e-06,120
0.0002904364701777195,1.7532213928511253e-06,122.15683816546911,0.2395873219524038,LSMR,773.6529502691701,120,False,7,1e-05,2,1048576,65536,64,0.002,1e-06,120
0.00027198166141864145,1.054379321093091e-05,112.77724661212842,0.23955190559362988,CG,771.6213799170218,120,False,120,0.0001,1,1048576,65536,64,0.002,1e-06,120
0.0008067108484828685,3.086053540365726e-05,965.6961693766827,1.8409878419286452,PCG,772.3730255658738,120,False,120,0.0001,1,1048576,65536,64,0.002,1e-06,120
0.0002735157672776988,7.825250921238583e-06,113.98306128261466,0.23955508527346847,LSQR,774.481832053978,120,False,7,0.0001,1,1048576,65536,64,0.002,1e-06,120
0.0002897901694708677,1.7556691565194014e-06,127.1907088982472,0.23957511685353444,LSMR,773.1994242118672,120,False,7,0.0001,1,1048576,65536,64,0.002,1e-06,120
0.0002783863528823874,9.082652961244768e-06,117.85720437045673,0.2395696306825764,CG,771.8182593411766,120,False,120,0.0001,2,1048576,65536,64,0.002,1e-06,120
0.0008053566356366614,2.6970702256570953e-05,962.5596685811395,1.8409811745305982,PCG,771.9713547490537,120,False,120,0.0001,2,1048576,65536,64,0.002,1e-06,120
0.0002781840435603602,7.960428412742554e-06,117.69503093390965,0.23957256426886583,LSQR,774.4242638908327,120,False,7,0.0001,2,1048576,65536,64,0.002,1e-06,120
0.00029334586091188164,1.7255568781825607e-06,130.17956206964985,0.23959821664986725,LSMR,772.8498358153738,120,False,7,0.0001,2,1048576,65536,64,0.002,1e-06,120
0.00027907214837954753,1.0123729735178654e-05,174.1284824331623,0.23955054254967667,CG,772.4356753537431,120,False,120,0.001,1,1048576,65536,64,0.002,1e-06,120
0.0008129540924587521,2.575210583552581e-05,1232.4278871552076,1.8410581988077548,PCG,771.9419484441169,120,False,120,0.001,1,1048576,65536,64,0.002,1e-06,120
0.0002810475466929094,9.472411271969902e-06,175.7242700875698,0.23955927254503748,LSQR,774.7881023967639,120,False,7,0.001,1,1048576,65536,64,0.002,1e-06,120
0.00029687795540230124,1.7647322834087217e-06,188.8916461051619,0.23958030048563017,LSMR,766.6605129633099,120,False,7,0.001,1,1048576,65536,64,0.002,1e-06,120
0.00027603258173637175,7.862940963201646e-06,171.69958399924002,0.23956359646711028,CG,753.488899090793,120,False,120,0.001,2,1048576,65536,64,0.002,1e-06,120
0.0008083472201069914,3.14373012816306e-05,1221.6834835055263,1.8411444860970867,PCG,753.3006598800421,120,False,120,0.001,2,1048576,65536,64,0.002,1e-06,120
0.00027685482370587926,8.475105526454975e-06,172.35687799113512,0.23957386936237565,LSQR,756.367402068805,120,False,7,0.001,2,1048576,65536,64,0.002,1e-06,120
0.0002922114140765546,1.7644134361158862e-06,184.93421764892474,0.2395837337273173,LSMR,754.1880423058756,120,False,7,0.001,2,1048576,65536,64,0.002,1e-06,120
0.00027547024817912584,7.412309904801499e-06,728.4888961214259,0.2395519692453466,CG,753.2058790349402,120,False,120,0.01,1,1048576,65536,64,0.002,1e-06,120
0.0008211871912815974,3.196613512487077e-05,3773.9314357669546,1.8412352221036432,PCG,753.9225672879256,120,False,120,0.01,1,1048576,65536,64,0.002,1e-06,120
0.0002857644177849018,1.7183781917252823e-05,736.9088003234233,0.23960643592739084,LSQR,756.6063869651407,120,False,7,0.01,1,1048576,65536,64,0.002,1e-06,120
0.00029159791837666177,1.7750987112411749e-06,741.5500603166915,0.2395788208910826,LSMR,755.0255735469982,120,False,7,0.01,1,1048576,65536,64,0.002,1e-06,120
0.0002759781825174842,1.5133512047209066e-05,728.8928264801832,0.2395921490809483,CG,753.5584693918936,120,False,120,0.01,2,1048576,65536,64,0.002,1e-06,120
0.000815252288207722,2.733265142177968e-05,3759.568931745783,1.8411011184994333,PCG,753.288320761174,120,False,120,0.01,2,1048576,65536,64,0.002,1e-06,120
0.0002846335874616653,1.7561258710173964e-05,735.9747448578885,0.23965507185740617,LSQR,756.128624307923,120,False,7,0.01,2,1048576,65536,64,0.002,1e-06,120
0.00029134723273102045,1.787260658428096e-06,741.335215715443,0.23960303631988028,LSMR,755.4776148586534,120,False,7,0.01,2,1048576,65536,64,0.002,1e-06,120
