Solver,Time (s),Iterations,Residual,Relative Error,Experiment,Experiment Number,Run,m,n,Condition Parameter,Sparsity,Sparsity Pattern,Spectrum,Lambda
LSMR,2.8730371203273535,284,0.0001718210293961948,0.8130036577658876,Lambda,1,1,5000,15000,1000,0.95,random,exponential,0.0
LSMR,2.86691472819075,285,0.00017365186018006567,0.8154891616717848,Lambda,1,2,5000,15000,1000,0.95,random,exponential,0.0
LSMR,2.8556590150110424,281,0.00017278475793805717,0.814160585950655,Lambda,1,3,5000,15000,1000,0.95,random,exponential,0.0
LSMR,2.8587506487965584,285,0.00017184271570430313,0.8190882274020491,Lambda,1,4,5000,15000,1000,0.95,random,exponential,0.0
LSMR,2.8558537769131362,283,0.00016702394317529788,0.8176537561088787,Lambda,1,5,5000,15000,1000,0.95,random,exponential,0.0
LSMR,2.872711001895368,282,0.0001740545080119866,0.8145463715667348,Lambda,1,6,5000,15000,1000,0.95,random,exponential,0.0
LSMR,2.819438999053091,281,0.00017654634428077942,0.8132439817355778,Lambda,1,7,5000,15000,1000,0.95,random,exponential,0.0
LSMR,2.8662337413989007,286,0.00017223404656230583,0.8138689949178749,Lambda,1,8,5000,15000,1000,0.95,random,exponential,0.0
LSMR,2.816866610199213,281,0.00017790493853889558,0.8115147196167833,Lambda,1,9,5000,15000,1000,0.95,random,exponential,0.0
LSMR,2.8446243940852582,284,0.00016959352382422285,0.8159309819266831,Lambda,1,10,5000,15000,1000,0.95,random,exponential,0.0
LSMR,4.73019976913929,473,4.506272665662627e-07,0.8130036601737357,Lambda,2,1,5000,15000,1000,0.95,random,exponential,1e-08
LSMR,4.761598861776292,475,4.430100588345061e-07,0.8154891553032685,Lambda,2,2,5000,15000,1000,0.95,random,exponential,1e-08
LSMR,4.708166778087616,470,4.4895905946355847e-07,0.814160585274082,Lambda,2,3,5000,15000,1000,0.95,random,exponential,1e-08
LSMR,4.783158587757498,474,4.4580525056544523e-07,0.8190882238943761,Lambda,2,4,5000,15000,1000,0.95,random,exponential,1e-08
LSMR,4.73767747124657,470,4.434766992178539e-07,0.8176537513775755,Lambda,2,5,5000,15000,1000,0.95,random,exponential,1e-08
LSMR,4.743949105963111,472,4.574396753268979e-07,0.814546368949261,Lambda,2,6,5000,15000,1000,0.95,random,exponential,1e-08
LSMR,4.743166032247245,473,4.4978082065475335e-07,0.8132439767360898,Lambda,2,7,5000,15000,1000,0.95,random,exponential,1e-08
LSMR,4.895499913021922,477,4.4309873462349836e-07,0.8138689956297654,Lambda,2,8,5000,15000,1000,0.95,random,exponential,1e-08
LSMR,4.759819905739278,472,4.6272646144344217e-07,0.8115147222520446,Lambda,2,9,5000,15000,1000,0.95,random,exponential,1e-08
LSMR,4.76469442807138,473,4.418711763081279e-07,0.8159309864383587,Lambda,2,10,5000,15000,1000,0.95,random,exponential,1e-08
LSMR,4.238700419198722,423,4.493218482268346e-05,0.8130036579466164,Lambda,3,1,5000,15000,1000,0.95,random,exponential,1e-06
LSMR,4.2640618472360075,426,4.416830357137432e-05,0.8154891540304664,Lambda,3,2,5000,15000,1000,0.95,random,exponential,1e-06
LSMR,4.220583749935031,421,4.4772458025986595e-05,0.8141605845468461,Lambda,3,3,5000,15000,1000,0.95,random,exponential,1e-06
LSMR,4.2772924322634935,426,4.445404499791402e-05,0.8190882226654113,Lambda,3,4,5000,15000,1000,0.95,random,exponential,1e-06
LSMR,4.207593858242035,420,4.421256660764828e-05,0.8176537494439965,Lambda,3,5,5000,15000,1000,0.95,random,exponential,1e-06
LSMR,4.240164383780211,422,4.562300221642391e-05,0.8145463672379989,Lambda,3,6,5000,15000,1000,0.95,random,exponential,1e-06
LSMR,4.2372015421278775,423,4.4850652668431804e-05,0.8132439743450555,Lambda,3,7,5000,15000,1000,0.95,random,exponential,1e-06
LSMR,4.283757692668587,426,4.416356127037487e-05,0.8138689931710733,Lambda,3,8,5000,15000,1000,0.95,random,exponential,1e-06
LSMR,4.245325488969684,422,4.614328766369284e-05,0.8115147196017805,Lambda,3,9,5000,15000,1000,0.95,random,exponential,1e-06
LSMR,4.259236662182957,424,4.40638481509853e-05,0.8159309848544247,Lambda,3,10,5000,15000,1000,0.95,random,exponential,1e-06
LSMR,3.7413902021944523,374,0.004492281337890941,0.8130034367900184,Lambda,4,1,5000,15000,1000,0.95,random,exponential,0.0001
LSMR,3.7941852807998657,376,0.0044158736680499746,0.8154890287924913,Lambda,4,2,5000,15000,1000,0.95,random,exponential,0.0001
LSMR,3.7526517948135734,372,0.004476319912385416,0.8141605135459423,Lambda,4,3,5000,15000,1000,0.95,random,exponential,0.0001
LSMR,3.756002891343087,375,0.004444461270701751,0.8190881007365617,Lambda,4,4,5000,15000,1000,0.95,random,exponential,0.0001
LSMR,3.7240990307182074,372,0.004420345033846085,0.8176535582195903,Lambda,4,5,5000,15000,1000,0.95,random,exponential,0.0001
LSMR,3.7118528867140412,372,0.004561376537280962,0.8145461982383179,Lambda,4,6,5000,15000,1000,0.95,random,exponential,0.0001
LSMR,3.744184351991862,372,0.004484166381082421,0.8132437365740324,Lambda,4,7,5000,15000,1000,0.95,random,exponential,0.0001
LSMR,3.7637504870072007,376,0.004415420813947643,0.8138687479069457,Lambda,4,8,5000,15000,1000,0.95,random,exponential,0.0001
LSMR,3.7506098318845034,372,0.004613371578360383,0.8115144565073313,Lambda,4,9,5000,15000,1000,0.95,random,exponential,0.0001
LSMR,3.7639670888893306,374,0.004405447890292884,0.8159308276377039,Lambda,4,10,5000,15000,1000,0.95,random,exponential,0.0001
LSMR,3.1983487927354872,318,0.44119221216436494,0.8129964900949064,Lambda,5,1,5000,15000,1000,0.95,random,exponential,0.01
LSMR,3.200955590698868,319,0.43339468935000286,0.8154917761088931,Lambda,5,2,5000,15000,1000,0.95,random,exponential,0.01
LSMR,3.17417077627033,315,0.43970635901884075,0.8141679095357732,Lambda,5,3,5000,15000,1000,0.95,random,exponential,0.01
LSMR,3.207778582815081,319,0.436361351931324,0.8190904868556598,Lambda,5,4,5000,15000,1000,0.95,random,exponential,0.01
LSMR,3.1675416040234268,315,0.43428950955182405,0.8176484827280049,Lambda,5,5,5000,15000,1000,0.95,random,exponential,0.01
LSMR,3.1792168021202087,316,0.44828555325061964,0.8145438944980753,Lambda,5,6,5000,15000,1000,0.95,random,exponential,0.01
LSMR,3.1929378318600357,316,0.4408381635079436,0.8132343013203758,Lambda,5,7,5000,15000,1000,0.95,random,exponential,0.01
LSMR,3.2147789509035647,319,0.43362065499885644,0.8138587604684436,Lambda,5,8,5000,15000,1000,0.95,random,exponential,0.01
LSMR,3.1564927930012345,315,0.4531824293554643,0.8115038145494323,Lambda,5,9,5000,15000,1000,0.95,random,exponential,0.01
LSMR,3.2162494072690606,318,0.43250264130726424,0.8159301199082893,Lambda,5,10,5000,15000,1000,0.95,random,exponential,0.01
LSMR,2.542040066793561,253,3.853641235804104,0.8138025222614181,Lambda,6,1,5000,15000,1000,0.95,random,exponential,0.1
LSMR,2.5475719571113586,254,3.7717836274023226,0.8163712749563509,Lambda,6,2,5000,15000,1000,0.95,random,exponential,0.1
LSMR,2.5364775862544775,252,3.843474299395457,0.8150678081102656,Lambda,6,3,5000,15000,1000,0.95,random,exponential,0.1
LSMR,2.5659519881010056,254,3.803209823650936,0.8199414173927061,Lambda,6,4,5000,15000,1000,0.95,random,exponential,0.1
LSMR,2.5279056318104267,252,3.801512840364873,0.8184155828104716,Lambda,6,5,5000,15000,1000,0.95,random,exponential,0.1
LSMR,2.5294067482464015,252,3.929122355539132,0.8153779969380036,Lambda,6,6,5000,15000,1000,0.95,random,exponential,0.1
LSMR,2.5420217770151794,252,3.87305587522191,0.8139936463584869,Lambda,6,7,5000,15000,1000,0.95,random,exponential,0.1
LSMR,2.569068923126906,255,3.7859238119141185,0.814602957047286,Lambda,6,8,5000,15000,1000,0.95,random,exponential,0.1
LSMR,2.5515507110394537,253,3.9630393520655094,0.8123123495147158,Lambda,6,9,5000,15000,1000,0.95,random,exponential,0.1
LSMR,2.5541933099739254,253,3.7663719616545266,0.816779883884597,Lambda,6,10,5000,15000,1000,0.95,random,exponential,0.1
LSMR,1.3376729520969093,132,22.04245994045635,0.8287068515760395,Lambda,7,1,5000,15000,1000,0.95,random,exponential,1.0
LSMR,1.3445920487865806,132,21.591098254804944,0.8311102237789539,Lambda,7,2,5000,15000,1000,0.95,random,exponential,1.0
LSMR,1.341659007128328,132,21.99093102059069,0.8302255617271762,Lambda,7,3,5000,15000,1000,0.95,random,exponential,1.0
LSMR,1.3368684337474406,132,21.642616643766612,0.8344704598857134,Lambda,7,4,5000,15000,1000,0.95,random,exponential,1.0
LSMR,1.3277902188710868,131,21.784780466166193,0.832758189648651,Lambda,7,5,5000,15000,1000,0.95,random,exponential,1.0
LSMR,1.3342801909893751,132,22.31538154613912,0.8309345042037577,Lambda,7,6,5000,15000,1000,0.95,random,exponential,1.0
LSMR,1.33703819103539,132,22.153713993431456,0.8291634505722012,Lambda,7,7,5000,15000,1000,0.95,random,exponential,1.0
LSMR,1.3342465502209961,132,21.751540399251546,0.8286509245461331,Lambda,7,8,5000,15000,1000,0.95,random,exponential,1.0
LSMR,1.3320843372493982,132,22.65084818965408,0.827864184670713,Lambda,7,9,5000,15000,1000,0.95,random,exponential,1.0
LSMR,1.3222812083549798,132,21.378570320804783,0.8315057501434588,Lambda,7,10,5000,15000,1000,0.95,random,exponential,1.0
