m,n,Condition Parameter,Sparsity,Sparsity Pattern,Spectrum,Lambda,Solver,Mean_Time,Std_Time,Mean_Iterations,Mean_Residual,Mean_Relative_Error
5000,15000,10,0.95,random,exponential,1.0,CG,0.6160195851698518,0.00906191254216344,58.1,8.453286092727591,0.8154977271188623
5000,15000,10,0.95,random,exponential,1.0,LSMR,1.1139640467707068,0.4236152118573962,58.4,8.453286092885,0.8154977271206978
5000,15000,10,0.95,random,exponential,1.0,LSQR,0.9812399696558713,0.20833658013695125,59.8,8.45328609271062,0.815497727118659
5000,15000,100,0.95,random,exponential,1.0,CG,1.1829519573133438,0.010584038562773752,112.0,16.520659460207135,0.8172830428711222
5000,15000,100,0.95,random,exponential,1.0,LSMR,1.8582217660732567,0.6490290248101338,106.1,16.520659462002726,0.8172830428877542
5000,15000,100,0.95,random,exponential,1.0,LSQR,1.8390582920052112,0.3133564035685513,110.8,16.52065945976891,0.8172830428717657
5000,15000,1000,0.9,random,exponential,1.0,CG,3.506024525081739,0.023488317417647973,181.2,19.30416873129751,0.8235219273871899
5000,15000,1000,0.9,random,exponential,1.0,LSMR,3.2459947101771833,0.016378613762409955,167.3,19.30416874934479,0.8235219280030319
5000,15000,1000,0.9,random,exponential,1.0,LSQR,3.621035048831254,0.13657000711380188,178.2,19.304168731543875,0.8235219274120888
5000,15000,1000,0.95,banded,exponential,1.0,CG,2.2122598520014436,0.011119957207128968,243.5,19.273124467401367,0.9044105300666849
5000,15000,1000,0.95,banded,exponential,1.0,LSMR,1.9989780590403825,0.010965280723275198,218.9,19.273124496057854,0.9044106273643943
5000,15000,1000,0.95,banded,exponential,1.0,LSQR,2.107608780497685,0.027218278040641974,236.3,19.273124466848227,0.9044105362929085
5000,15000,1000,0.95,block,exponential,1.0,CG,1.626237856829539,0.0802127102040592,177.9,22.344100879999303,0.8342989138283331
5000,15000,1000,0.95,block,exponential,1.0,LSMR,1.466819137474522,0.06521542853602538,160.2,22.344100894145754,0.8342989202343019
5000,15000,1000,0.95,block,exponential,1.0,LSQR,1.5351141950581222,0.07327375418899747,170.5,22.34410087934244,0.8342989142361826
5000,15000,1000,0.95,random,clustered,1.0,CG,1.1823124077171088,0.006216829420603617,117.4,10.069895425799201,0.8158462415025911
5000,15000,1000,0.95,random,clustered,1.0,LSMR,1.176943100336939,0.012360740192677971,115.2,10.069895429359738,0.8158462415353032
5000,15000,1000,0.95,random,clustered,1.0,LSQR,1.2498970649670809,0.015588508857004241,120.6,10.069895425687557,0.8158462414945944
5000,15000,1000,0.95,random,exponential,0.0,CG,3.317690250603482,0.2858254317513733,321.0,2.287546401023912e-05,0.8148500427911614
5000,15000,1000,0.95,random,exponential,0.0,LSMR,2.853009003587067,0.020300953263592367,283.2,0.00017274576676115002,0.8148500438662909
5000,15000,1000,0.95,random,exponential,0.0,LSQR,2.80073826238513,0.023444788008415176,276.3,0.00016971548341667,0.8148500434835549
5000,15000,1000,0.95,random,exponential,1e-08,CG,3.2318437366280706,0.031052620970761526,320.9,2.301412124288581e-05,0.814850042777666
5000,15000,1000,0.95,random,exponential,1e-08,LSMR,4.76279308530502,0.051052484346232385,472.9,4.4867952030043467e-07,0.8148500426028557
5000,15000,1000,0.95,random,exponential,1e-08,LSQR,5.044028839282691,0.034045728395710635,499.6,4.474348364539539e-07,0.8148500426030282
5000,15000,1000,0.95,random,exponential,1e-06,CG,3.2414276238530872,0.0343277016696562,320.9,5.0296415501090986e-05,0.8148500409510765
5000,15000,1000,0.95,random,exponential,1e-06,LSMR,4.247391807660461,0.023974874702489834,423.3,4.473839099955154e-05,0.8148500407843671
5000,15000,1000,0.95,random,exponential,1e-06,LSQR,4.5484344941098245,0.028606031880588814,449.8,4.4737314763569134e-05,0.814850040783907
5000,15000,1000,0.95,random,exponential,0.0001,CG,3.2420964205171914,0.023307684899907623,320.9,0.00447296474224993,0.8148498606418955
5000,15000,1000,0.95,random,exponential,0.0001,LSMR,3.7502693846356125,0.022640230369004203,373.5,0.00447290644238379,0.8148498604948935
5000,15000,1000,0.95,random,exponential,0.0001,LSQR,4.02975916005671,0.025499787909941587,400.2,0.00447290539882632,0.8148498604741979
5000,15000,1000,0.95,random,exponential,0.01,CG,3.1757305997423826,0.028956795657499382,313.6,0.43933735282523684,0.814846603530681
5000,15000,1000,0.95,random,exponential,0.01,LSMR,3.19084711316973,0.02055951281411581,317.0,0.4393373564436504,0.8148466036067854
5000,15000,1000,0.95,random,exponential,0.01,LSQR,3.4482410098891707,0.023078689064374037,342.7,0.43933735177395494,0.8148466033892167
5000,15000,1000,0.95,random,exponential,0.1,CG,2.707963058585301,0.020416098772568825,267.6,3.8391135031981145,0.8156665435306023
5000,15000,1000,0.95,random,exponential,0.1,LSMR,2.5466188699472694,0.013951362619349221,253.0,3.839113518301289,0.8156665439274301
5000,15000,1000,0.95,random,exponential,0.1,LSQR,2.7575876713730394,0.01813940921843894,273.5,3.839113502435713,0.8156665435148588
5000,15000,1000,0.95,random,exponential,1.0,CG,1.4794120240646105,0.06144894557130847,143.2,21.930194069776363,0.8305390081040553
5000,15000,1000,0.95,random,exponential,1.0,LSMR,1.3768406514117184,0.07853950864322275,131.9,21.930194077506577,0.8305390100752797
5000,15000,1000,0.95,random,exponential,1.0,LSQR,1.5278889144576775,0.3094275869194833,139.0,21.930194068958084,0.8305390082295329
5000,15000,1000,0.95,random,linear,1.0,CG,0.5084656534250825,0.004357514585739665,50.0,6.363343951893991,0.81554622282175
5000,15000,1000,0.95,random,linear,1.0,LSMR,0.5324747178237885,0.005168998098962549,51.1,6.363343951970348,0.8155462228215274
5000,15000,1000,0.95,random,linear,1.0,LSQR,0.5469587224535644,0.008127579449423002,52.1,6.363343951865831,0.8155462228204116
5000,15000,1000,0.95,random,polynomial,1.0,CG,0.7745974971912801,0.005011458253904571,76.8,9.984763984299793,0.8155797740142854
5000,15000,1000,0.95,random,polynomial,1.0,LSMR,0.7836248557781801,0.006358579468209923,75.8,9.984763984890046,0.8155797740203846
5000,15000,1000,0.95,random,polynomial,1.0,LSQR,0.8126125717768445,0.009175236878908765,78.2,9.984763984280779,0.8155797740137218
5000,15000,1000,0.98,random,exponential,1.0,CG,0.41130334408953784,0.0030833880750297383,101.7,24.45038910513255,0.8461752276761519
5000,15000,1000,0.98,random,exponential,1.0,LSMR,0.3732569787185639,0.002012340295216167,93.4,24.450389107617156,0.8461752316072115
5000,15000,1000,0.98,random,exponential,1.0,LSQR,0.3996418330818414,0.01838389375727457,97.3,24.45038910589987,0.8461752281303546
5000,15000,1000,0.99,random,exponential,1.0,CG,0.16278987401165065,0.00268084049516595,78.3,25.525679349902852,0.8612281150447766
5000,15000,1000,0.99,random,exponential,1.0,LSMR,0.14271788448095316,0.002300963880294559,71.9,25.525679350640562,0.8612281199192197
5000,15000,1000,0.99,random,exponential,1.0,LSQR,0.15345055954530834,0.0022306658999605654,74.4,25.525679350097707,0.86122811584891
5000,15000,1000,0.999,random,exponential,1.0,CG,0.01835784739814694,0.0008692664903824322,36.6,24.70635837881438,0.9279682713416273
5000,15000,1000,0.999,random,exponential,1.0,LSMR,0.014132426353171421,0.0003926575063584912,33.6,24.706358378768847,0.9279682743078921
5000,15000,1000,0.999,random,exponential,1.0,LSQR,0.01656351718120274,0.00043625856973808405,33.6,24.706358378714857,0.9279682729543358
5000,15000,10000,0.95,random,exponential,1.0,CG,1.5491946179885416,0.01642554030750886,147.0,22.907632256918358,0.8528614604571982
5000,15000,10000,0.95,random,exponential,1.0,LSMR,1.5383882853668183,0.4135300115285233,134.5,22.907632264305338,0.8528614788245801
5000,15000,10000,0.95,random,exponential,1.0,LSQR,1.8110829627141356,0.4640661165104718,142.1,22.907632256008945,0.8528614620226147
5000,15000,20000,0.95,random,exponential,1.0,CG,1.556791294598952,0.018610537712586347,146.4,22.774065759912165,0.859593548004522
5000,15000,20000,0.95,random,exponential,1.0,LSMR,1.3999809911008925,0.029951091797479283,134.0,22.774065767286324,0.8595935727010083
5000,15000,20000,0.95,random,exponential,1.0,LSQR,1.6896622287575156,0.22079838619234704,141.7,22.774065758982694,0.859593550078246
5000,20000,1000,0.95,random,exponential,1.0,CG,1.648070454224944,0.011082172840731996,123.9,18.337287721633277,0.8683396204601781
5000,20000,1000,0.95,random,exponential,1.0,LSMR,1.55906170187518,0.01855246451589738,116.0,18.337287726254026,0.8683396204787511
5000,20000,1000,0.95,random,exponential,1.0,LSQR,1.6290194478351623,0.01299962298008372,121.7,18.337287721604362,0.8683396204594918
5000,40000,1000,0.95,random,exponential,1.0,CG,1.6442524829879404,0.005952715503733769,62.1,9.246028169693002,0.9352512577099968
5000,40000,1000,0.95,random,exponential,1.0,LSMR,1.69107588166371,0.031266762281246696,62.0,9.246028169919958,0.9352512577102651
5000,40000,1000,0.95,random,exponential,1.0,LSQR,1.71319486964494,0.014871910336451775,63.7,9.246028169677013,0.9352512577101535
