m,n,Condition Number,Sparsity,Sparsity Pattern,Spectrum,Lambda,Solver,Mean_Time,Std_Time,Mean_Iterations,Mean_Residual,Mean_Relative_Error
400,50,10,0.0,random,exponential,0,CG,0.0008404184132814408,2.8897481593435566e-05,51.0,0.18642604763243556,0.04576016876927632
400,50,10,0.0,random,exponential,0,Direct,0.0002516698092222214,3.7259275199734586e-05,1.0,0.18642604763241372,0.04576019185250753
400,50,10,0.0,random,exponential,0,LSMR,0.002623836137354374,5.2175624632723665e-05,53.2,0.1864260476324194,0.04576018042511408
400,50,10,0.0,random,exponential,0,LSQR,0.0024203508161008357,3.458542165234522e-05,54.0,0.18642604763241538,0.04576018767754364
400,100,10,0.0,random,exponential,0,CG,0.0011873153038322926,2.431105788404212e-05,66.0,0.17372627358530868,0.047940393711534524
400,100,10,0.0,random,exponential,0,Direct,0.0004991238005459308,2.7460265745934035e-05,1.0,0.17372627358527504,0.04794038161737034
400,100,10,0.0,random,exponential,0,LSMR,0.0040307467803359035,0.00014636561375106128,69.0,0.17372627358528356,0.04794038828998192
400,100,10,0.0,random,exponential,0,LSQR,0.003788903262466192,6.361897826450944e-05,70.6,0.1737262735852773,0.04794038363728539
400,500,10,0.0,random,exponential,0,CG,0.006229488179087639,6.605670634096371e-05,80.0,2.024705144595566e-07,0.44317593299281877
400,500,10,0.0,random,exponential,0,Direct,0.007921948749572038,0.00016063058530581942,1.0,5.099813613770454e-13,25.04556660469404
400,500,10,0.0,random,exponential,0,LSMR,0.010389620438218117,4.481945704426772e-05,73.0,1.2037322689090112e-06,0.4431759320264249
400,500,10,0.0,random,exponential,0,LSQR,0.010096901562064886,4.477112466841995e-05,72.0,1.1566722680898637e-06,0.44317593289937884
400,2000,10,0.0,random,exponential,0,CG,0.09094295864924788,0.0009697766957957977,81.0,1.7633985298743125e-07,0.8994348073983739
400,2000,10,0.0,random,exponential,0,Direct,0.18550148950889706,0.004673960525030812,1.0,1.933032145740784e-12,127.25840864508473
400,2000,10,0.0,random,exponential,0,LSMR,0.027973417192697525,0.0002365985025252279,73.4,1.159493291295543e-06,0.8994348069516727
400,2000,10,0.0,random,exponential,0,LSQR,0.027540214266628026,0.00021726858413070616,72.4,1.133658983183027e-06,0.8994348071606353
400,2500,10,0.0,random,exponential,0,CG,0.15365417804569007,0.00046025228702247704,80.6,1.9395472218018393e-07,0.9193802825788596
400,2500,10,0.0,random,exponential,0,Direct,0.33387605044990776,0.0048548981597080956,1.0,6.603913478444645e-12,425.28868404339164
400,2500,10,0.0,random,exponential,0,LSMR,0.03589074229821563,0.00023301221822924812,73.6,1.136389831871831e-06,0.9193802825839006
400,2500,10,0.0,random,exponential,0,LSQR,0.035309174098074436,0.00031453206311199416,72.6,1.1029157709124998e-06,0.9193802825476094
500,50,10,0.0,random,exponential,0,CG,0.0008509720675647259,1.7361284738911264e-05,51.6,0.21256165220926704,0.04106301519531106
500,50,10,0.0,random,exponential,0,Direct,0.0002796486020088196,2.6981408443496033e-05,1.0,0.21256165220925077,0.04106301910920572
500,50,10,0.0,random,exponential,0,LSMR,0.002738263085484505,4.649464959596786e-05,53.0,0.21256165220925727,0.04106301379046666
500,50,10,0.0,random,exponential,0,LSQR,0.002560183685272932,5.8929553155235346e-05,53.6,0.21256165220925244,0.041063016619308265
500,100,10,0.0,random,exponential,0,CG,0.0011929430067539216,3.015898744126047e-05,66.0,0.19891402347293935,0.04803588033054011
500,100,10,0.0,random,exponential,0,Direct,0.0005437083542346955,2.7621998103160107e-05,1.0,0.1989140234729136,0.0480358698166802
500,100,10,0.0,random,exponential,0,LSMR,0.0043500130996108055,8.951981065049296e-05,68.2,0.19891402347292514,0.04803587638688003
500,100,10,0.0,random,exponential,0,LSQR,0.004258870985358954,4.7773980511463185e-05,70.4,0.1989140234729166,0.04803587082277237
500,500,10,0.0,random,exponential,0,CG,0.006510142236948013,0.00010626779580120895,81.2,2.205184282283799e-07,0.047027623604124213
500,500,10,0.0,random,exponential,0,Direct,0.008466756902635098,9.64083292929332e-05,1.0,4.061979221053786e-14,0.047027624416116263
500,500,10,0.0,random,exponential,0,LSMR,0.012313822656869889,9.65752574192263e-05,74.2,1.255904954149114e-06,0.04702760988800205
500,500,10,0.0,random,exponential,0,LSQR,0.011820906866341829,0.0001597403181932134,73.0,1.2721897193568983e-06,0.047027615779423916
500,2000,10,0.0,random,exponential,0,CG,0.0958712768740952,0.0009265531070681397,81.2,2.239356118579343e-07,0.8651796641171344
500,2000,10,0.0,random,exponential,0,Direct,0.19994418025016786,0.004938639498774601,1.0,4.563167832744965e-12,232.04357854295637
500,2000,10,0.0,random,exponential,0,LSMR,0.034266406949609515,0.0002478798600270807,74.2,1.3072789527842221e-06,0.865179663568829
500,2000,10,0.0,random,exponential,0,LSQR,0.03376929732039571,0.00017788670586442833,73.0,1.3133755104065886e-06,0.8651796637928367
500,2500,10,0.0,random,exponential,0,CG,0.1546910721808672,0.0007460102452609766,81.2,2.2790373344582617e-07,0.8922055107498336
500,2500,10,0.0,random,exponential,0,Direct,0.34523742320016026,0.005694377194699057,1.0,2.389302302378803e-12,120.89102680314356
500,2500,10,0.0,random,exponential,0,LSMR,0.04408822963014245,0.00024013447629630668,74.2,1.3217938904695399e-06,0.8922055109478751
500,2500,10,0.0,random,exponential,0,LSQR,0.04334132047370076,9.955801680332166e-05,73.0,1.3302648766868832e-06,0.8922055109184248
1000,50,10,0.0,random,exponential,0,CG,0.0008483843877911568,3.0013260487521543e-05,51.0,0.30656806227764166,0.043053094187839126
1000,50,10,0.0,random,exponential,0,Direct,0.00040522124618291855,3.2960836732351804e-05,1.0,0.3065680622776326,0.043053095859061884
1000,50,10,0.0,random,exponential,0,LSMR,0.0034317785874009134,8.222748652250949e-05,51.6,0.30656806227764044,0.04305309751896773
1000,50,10,0.0,random,exponential,0,LSQR,0.0032914873212575913,5.392938527317155e-05,52.0,0.30656806227763655,0.04305309876889609
1000,100,10,0.0,random,exponential,0,CG,0.0011772091500461101,1.7791608302374194e-05,65.4,0.30003456157709246,0.047404797153429344
1000,100,10,0.0,random,exponential,0,Direct,0.0008267543278634548,2.9652379114236267e-05,1.0,0.3000345615770682,0.04740479920028349
1000,100,10,0.0,random,exponential,0,LSMR,0.006672721542418003,0.00011031171874323649,66.8,0.30003456157708264,0.04740479750526978
1000,100,10,0.0,random,exponential,0,LSQR,0.006722307857125997,7.332798873898371e-05,68.8,0.300034561577072,0.047404797883078
1000,500,10,0.0,random,exponential,0,CG,0.006478293891996145,5.111520302152107e-05,81.6,0.22309331944194125,0.046276019303257906
1000,500,10,0.0,random,exponential,0,Direct,0.011876363959163427,7.299048989095395e-05,1.0,0.22309331944184435,0.0462760198917687
1000,500,10,0.0,random,exponential,0,LSMR,0.02435009544715285,0.00023210910307756676,86.6,0.22309331944186256,0.04627601942448203
1000,500,10,0.0,random,exponential,0,LSQR,0.024653917737305166,0.0002693902133916002,89.2,0.22309331944184801,0.04627601964544616
1000,2000,10,0.0,random,exponential,0,CG,0.09707870185375214,0.001460602998108515,83.2,2.930012876535045e-07,0.7110064738908449
1000,2000,10,0.0,random,exponential,0,Direct,0.23010109309107066,0.003235674461595194,1.0,2.7678265251597577e-12,64.66138788075277
1000,2000,10,0.0,random,exponential,0,LSMR,0.06563078984618187,0.0006702246996015238,75.2,1.926548087702596e-06,0.7110064736061321
1000,2000,10,0.0,random,exponential,0,LSQR,0.0648728758096695,0.0003497206945380616,74.0,1.909445896869561e-06,0.7110064735810415
1000,2500,10,0.0,random,exponential,0,CG,0.15800532745197415,0.0010622858194720042,83.2,2.9242836269713217e-07,0.7765776899667503
1000,2500,10,0.0,random,exponential,0,Direct,0.4022190870717168,0.001279913814157209,1.0,7.594153269712423e-12,189.517970050994
1000,2500,10,0.0,random,exponential,0,LSMR,0.0864621608518064,0.0004726311167106108,75.4,1.8401904455842051e-06,0.7765776898805732
1000,2500,10,0.0,random,exponential,0,LSQR,0.085333261359483,0.0006969393263951076,74.0,1.9023950699198634e-06,0.7765776900035064
1100,50,10,0.0,random,exponential,0,CG,0.0008432364091277122,1.9320484293433875e-05,51.0,0.32279720403277345,0.0415890751229799
1100,50,10,0.0,random,exponential,0,Direct,0.0004232048988342285,3.220481667408328e-05,1.0,0.32279720403276346,0.041589074650176264
1100,50,10,0.0,random,exponential,0,LSMR,0.00359136201441288,6.409149784041816e-05,51.4,0.3227972040327719,0.04158906667373115
1100,50,10,0.0,random,exponential,0,LSQR,0.00345313660800457,0.00012974896134035487,52.2,0.32279720403276746,0.04158907313120553
1100,100,10,0.0,random,exponential,0,CG,0.001208712998777628,9.420134489536296e-06,65.8,0.3165233706673002,0.048834332249159444
1100,100,10,0.0,random,exponential,0,Direct,0.0008791807107627392,1.9681779309727336e-05,1.0,0.31652337066727787,0.048834327240067824
1100,100,10,0.0,random,exponential,0,LSMR,0.007255764119327069,9.849487544667099e-05,67.0,0.31652337066729486,0.048834336862111055
1100,100,10,0.0,random,exponential,0,LSQR,0.00725391348823905,6.005011581928579e-05,69.0,0.31652337066728187,0.048834329023099525
1100,500,10,0.0,random,exponential,0,CG,0.0064155755564570425,4.873364194706468e-05,80.6,0.2460740938735988,0.04632902479640436
1100,500,10,0.0,random,exponential,0,Direct,0.012542189005762339,7.647916898726763e-05,1.0,0.24607409387348272,0.04632902835436099
1100,500,10,0.0,random,exponential,0,LSMR,0.0258971675299108,0.00016700845264093313,85.6,0.2460740938735046,0.04632902706859903
1100,500,10,0.0,random,exponential,0,LSQR,0.026556314341723918,0.0002287758400644817,88.6,0.2460740938734868,0.046329028615883054
1100,2000,10,0.0,random,exponential,0,CG,0.09657127633690835,0.0013093181654771056,83.4,3.056410580965019e-07,0.6736966627739328
1100,2000,10,0.0,random,exponential,0,Direct,0.24192764991894364,0.006024940199331917,1.0,2.7448389067030557e-12,55.81373314784578
1100,2000,10,0.0,random,exponential,0,LSMR,0.07246105428785085,0.0007104449996978017,75.6,1.9361256562417833e-06,0.6736966618350946
1100,2000,10,0.0,random,exponential,0,LSQR,0.07081864159554244,0.0004824624735396571,74.2,1.9901446781340035e-06,0.6736966621196914
1100,2500,10,0.0,random,exponential,0,CG,0.15787426941096783,0.0007364011179161319,83.2,3.1399608580076676e-07,0.7543164890573749
1100,2500,10,0.0,random,exponential,0,Direct,0.4184828905388713,0.006256967597946995,1.0,9.220879951788071e-12,196.97523800154983
1100,2500,10,0.0,random,exponential,0,LSMR,0.09678768329322338,0.001623000457690376,75.4,2.005333520564533e-06,0.7543164891009367
1100,2500,10,0.0,random,exponential,0,LSQR,0.09765125978738069,0.004079194520822573,74.2,1.983734137077351e-06,0.7543164891045959
2100,50,10,0.0,random,exponential,0,CG,0.0008385706692934036,2.4621389565236268e-05,50.4,0.4535297913511651,0.04583066427485033
2100,50,10,0.0,random,exponential,0,Direct,0.0006956497207283973,2.862110298658945e-05,1.0,0.4535297913511499,0.04583067200691097
2100,50,10,0.0,random,exponential,0,LSMR,0.005437704455107451,0.00019226868770048482,51.2,0.45352979135116234,0.04583065821981645
2100,50,10,0.0,random,exponential,0,LSQR,0.005410410277545452,9.885707381290152e-05,51.6,0.45352979135115523,0.04583067364056548
2100,100,10,0.0,random,exponential,0,CG,0.0012255337089300156,2.8059430543735107e-05,66.4,0.44901479276924106,0.04625828278593524
2100,100,10,0.0,random,exponential,0,Direct,0.0014535791240632534,1.8365728813676535e-05,1.0,0.44901479276922973,0.04625828114109123
2100,100,10,0.0,random,exponential,0,LSMR,0.012110376451164483,8.974598052488446e-05,65.8,0.4490147927692535,0.046258286178396266
2100,100,10,0.0,random,exponential,0,LSQR,0.012154224887490272,0.0001605112078347171,67.4,0.4490147927692358,0.04625828365013864
2100,500,10,0.0,random,exponential,0,CG,0.006425623316317797,4.223450349648359e-05,81.2,0.39803458444237244,0.04879243630189318
2100,500,10,0.0,random,exponential,0,Direct,0.019733122177422048,0.00016318329696743864,1.0,0.39803458444231665,0.04879243741864642
2100,500,10,0.0,random,exponential,0,LSMR,0.044009222835302356,0.0003753452002412664,83.4,0.39803458444235196,0.04879243657345904
2100,500,10,0.0,random,exponential,0,LSQR,0.045135979540646076,0.0005318187474326372,86.2,0.3980345844423233,0.04879243690719859
2100,2000,10,0.0,random,exponential,0,CG,0.09382251417264342,0.001058905022606244,83.8,0.09942077810978309,0.04667485824512034
2100,2000,10,0.0,random,exponential,0,Direct,0.3158226640895009,0.0009635330085699867,1.0,0.09942077810893529,0.04667485799170577
2100,2000,10,0.0,random,exponential,0,LSMR,0.20603722017258405,0.0008641379688545611,96.0,0.09942077810894559,0.04667485811375053
2100,2000,10,0.0,random,exponential,0,LSQR,0.2099387338384986,0.0018083312379678054,98.8,0.09942077810893717,0.0466748580680211
2100,2500,10,0.0,random,exponential,0,CG,0.15871900599449873,0.0010540320246785087,83.8,4.215810336990467e-07,0.4049238664415391
2100,2500,10,0.0,random,exponential,0,Direct,0.5425270015373826,0.008034613119239505,1.0,2.8000740225136987e-12,25.20110085576822
2100,2500,10,0.0,random,exponential,0,LSMR,0.21563745914027094,0.00030619753480883586,76.0,2.6068693941375075e-06,0.404923866852696
2100,2500,10,0.0,random,exponential,0,LSQR,0.2118384507484734,0.001001203581044721,74.6,2.6681862979028294e-06,0.4049238670543443
