Solver,Time (s),Iterations,Residual,Relative Error,Info,Experiment,Experiment Number,Run,m,n,Condition Parameter,Sparsity,Sparsity Pattern,Spectrum,Lambda
CG,7.924681321252137,318,20.30193998710967,0.6176732129715982,0,Sparsity,1,1,20000,5000,1000,0.9,random,exponential,1.0
CG,7.910664459690452,322,20.090978801190293,0.6254040046660007,0,Sparsity,1,2,20000,5000,1000,0.9,random,exponential,1.0
CG,7.906954921782017,321,20.273524744184737,0.6232828661784041,0,Sparsity,1,3,20000,5000,1000,0.9,random,exponential,1.0
CG,7.825274606235325,319,20.3265050788665,0.6175964830321393,0,Sparsity,1,4,20000,5000,1000,0.9,random,exponential,1.0
CG,7.904186146333814,321,20.498134851277186,0.6167260975046445,0,Sparsity,1,5,20000,5000,1000,0.9,random,exponential,1.0
CG,7.80131599586457,318,20.19447964661686,0.6176530983557714,0,Sparsity,1,6,20000,5000,1000,0.9,random,exponential,1.0
CG,7.940210911910981,322,20.19873714521729,0.6185777130503495,0,Sparsity,1,7,20000,5000,1000,0.9,random,exponential,1.0
CG,7.899784019216895,322,20.300912615732422,0.6096624617720542,0,Sparsity,1,8,20000,5000,1000,0.9,random,exponential,1.0
CG,7.799851367250085,317,20.421655673906912,0.6367912906115306,0,Sparsity,1,9,20000,5000,1000,0.9,random,exponential,1.0
CG,7.793249132111669,318,20.128531992536704,0.6224288740846213,0,Sparsity,1,10,20000,5000,1000,0.9,random,exponential,1.0
CG,2.8116726470179856,235,19.45103491650529,0.6573055754264918,0,Sparsity,2,1,20000,5000,1000,0.95,random,exponential,1.0
CG,2.81150387506932,236,19.284458428443976,0.6621581181236659,0,Sparsity,2,2,20000,5000,1000,0.95,random,exponential,1.0
CG,2.837413480039686,237,19.546887181900114,0.6610942675329341,0,Sparsity,2,3,20000,5000,1000,0.95,random,exponential,1.0
CG,2.8118950510397553,235,19.693819043751347,0.6546274380335309,0,Sparsity,2,4,20000,5000,1000,0.95,random,exponential,1.0
CG,2.81296603474766,236,19.857025816332907,0.6541009356023826,0,Sparsity,2,5,20000,5000,1000,0.95,random,exponential,1.0
CG,2.8212021719664335,235,19.62454999027226,0.6553858296606487,0,Sparsity,2,6,20000,5000,1000,0.95,random,exponential,1.0
CG,2.83877722825855,235,19.608589237294506,0.6552020085397593,0,Sparsity,2,7,20000,5000,1000,0.95,random,exponential,1.0
CG,2.8372679301537573,237,19.693102610382002,0.6472437676977864,0,Sparsity,2,8,20000,5000,1000,0.95,random,exponential,1.0
CG,2.832051352132112,236,19.558885740236455,0.6715696073363024,0,Sparsity,2,9,20000,5000,1000,0.95,random,exponential,1.0
CG,2.8076511663384736,235,19.481672432614893,0.6603029677522081,0,Sparsity,2,10,20000,5000,1000,0.95,random,exponential,1.0
CG,0.7318290788680315,158,19.085218796846682,0.7020183900987984,0,Sparsity,3,1,20000,5000,1000,0.98,random,exponential,1.0
CG,0.7472104169428349,159,18.706112756875637,0.7096280546497151,0,Sparsity,3,2,20000,5000,1000,0.98,random,exponential,1.0
CG,0.728237350936979,158,19.103773912673873,0.7066289981134913,0,Sparsity,3,3,20000,5000,1000,0.98,random,exponential,1.0
CG,0.7367679020389915,160,19.361179673630332,0.7038864388490171,0,Sparsity,3,4,20000,5000,1000,0.98,random,exponential,1.0
CG,0.7373196091502905,159,19.577779383349903,0.7031064264515835,0,Sparsity,3,5,20000,5000,1000,0.98,random,exponential,1.0
CG,0.745765077881515,160,19.328685801413087,0.7024145271752525,0,Sparsity,3,6,20000,5000,1000,0.98,random,exponential,1.0
CG,0.7470343341119587,159,19.2475090497735,0.7000828308934847,0,Sparsity,3,7,20000,5000,1000,0.98,random,exponential,1.0
CG,0.7387627982534468,159,19.433612963855165,0.6946267677275478,0,Sparsity,3,8,20000,5000,1000,0.98,random,exponential,1.0
CG,0.7361846743151546,158,19.016803931169793,0.7155985660306973,0,Sparsity,3,9,20000,5000,1000,0.98,random,exponential,1.0
CG,0.7546779029071331,160,19.10352134131568,0.7081263113222258,0,Sparsity,3,10,20000,5000,1000,0.98,random,exponential,1.0
CG,0.28596058627590537,119,18.98795864427677,0.7364623918802474,0,Sparsity,4,1,20000,5000,1000,0.99,random,exponential,1.0
CG,0.2847656710073352,120,18.468099671268526,0.7440453960642134,0,Sparsity,4,2,20000,5000,1000,0.99,random,exponential,1.0
CG,0.28288137586787343,118,19.062965186100662,0.7427143415279537,0,Sparsity,4,3,20000,5000,1000,0.99,random,exponential,1.0
CG,0.2812397750094533,118,19.25130985958428,0.7375656150801309,0,Sparsity,4,4,20000,5000,1000,0.99,random,exponential,1.0
CG,0.2833273811265826,119,19.388724118938615,0.738357459876058,0,Sparsity,4,5,20000,5000,1000,0.99,random,exponential,1.0
CG,0.2792952787131071,118,19.25091533472509,0.7374198204176466,0,Sparsity,4,6,20000,5000,1000,0.99,random,exponential,1.0
CG,0.27763329818844795,117,19.100219346756262,0.7337900534256752,0,Sparsity,4,7,20000,5000,1000,0.99,random,exponential,1.0
CG,0.2852829569019377,120,19.263872029001195,0.7310165113112584,0,Sparsity,4,8,20000,5000,1000,0.99,random,exponential,1.0
CG,0.2806418868713081,118,18.731465797365935,0.7479265655117917,0,Sparsity,4,9,20000,5000,1000,0.99,random,exponential,1.0
CG,0.27959710313007236,118,18.898253973433665,0.7434585772425804,0,Sparsity,4,10,20000,5000,1000,0.99,random,exponential,1.0
CG,0.0329265845939517,49,18.419807226404593,0.8435599876566556,0,Sparsity,5,1,20000,5000,1000,0.999,random,exponential,1.0
CG,0.032426230143755674,48,18.225636167522435,0.8470778236774371,0,Sparsity,5,2,20000,5000,1000,0.999,random,exponential,1.0
CG,0.03304750798270106,49,18.321422159599585,0.8500477762849052,0,Sparsity,5,3,20000,5000,1000,0.999,random,exponential,1.0
CG,0.03276938293129206,49,18.528585250323097,0.8487006505287993,0,Sparsity,5,4,20000,5000,1000,0.999,random,exponential,1.0
CG,0.03297797590494156,49,18.42786019114295,0.8501260707557704,0,Sparsity,5,5,20000,5000,1000,0.999,random,exponential,1.0
CG,0.033835907001048326,50,18.32321164603529,0.8472466587358416,0,Sparsity,5,6,20000,5000,1000,0.999,random,exponential,1.0
CG,0.033517963252961636,49,18.706895499810116,0.8408389578347274,0,Sparsity,5,7,20000,5000,1000,0.999,random,exponential,1.0
CG,0.032684141770005226,49,18.946504120273794,0.8414053436040658,0,Sparsity,5,8,20000,5000,1000,0.999,random,exponential,1.0
CG,0.031760059762746096,47,18.459563297794897,0.8481707612336143,0,Sparsity,5,9,20000,5000,1000,0.999,random,exponential,1.0
CG,0.0324328588321805,48,18.286063062485738,0.8499163932923741,0,Sparsity,5,10,20000,5000,1000,0.999,random,exponential,1.0
